[
    {
        "reference": "/photos/1/Banner/banner-01.jpg",
        "resolved_path": "/Users/anssary/Desktop/Ecommerce-Laravel/public/photos/1/Banner/banner-01.jpg",
        "status": "exists"
    },
    {
        "reference": "/photos/1/Banner/banner-06.jpg",
        "resolved_path": "/Users/anssary/Desktop/Ecommerce-Laravel/public/photos/1/Banner/banner-06.jpg",
        "status": "exists"
    },
    {
        "reference": "/photos/1/Banner/banner-07.jpg",
        "resolved_path": "/Users/anssary/Desktop/Ecommerce-Laravel/public/photos/1/Banner/banner-07.jpg",
        "status": "exists"
    },
    {
        "reference": "/photos/1/Category/mini-banner1.jpg",
        "resolved_path": "/Users/anssary/Desktop/Ecommerce-Laravel/public/photos/1/Category/mini-banner1.jpg",
        "status": "exists"
    },
    {
        "reference": "/photos/1/Category/mini-banner2.jpg",
        "resolved_path": "/Users/anssary/Desktop/Ecommerce-Laravel/public/photos/1/Category/mini-banner2.jpg",
        "status": "exists"
    },
    {
        "reference": "/photos/1/Category/mini-banner3.jpg",
        "resolved_path": "/Users/anssary/Desktop/Ecommerce-Laravel/public/photos/1/Category/mini-banner3.jpg",
        "status": "exists"
    },
    {
        "reference": "/backend/img/thumbnail-default.jpg,/backend/img/avatar.png",
        "resolved_path": "/Users/anssary/Desktop/Ecommerce-Laravel/public/backend/img/thumbnail-default.jpg,/backend/img/avatar.png",
        "status": "exists"
    },
    {
        "reference": "/backend/img/banner.png,/frontend/img/payments.png",
        "resolved_path": "/Users/anssary/Desktop/Ecommerce-Laravel/public/backend/img/banner.png,/frontend/img/payments.png",
        "status": "exists"
    },
    {
        "reference": "/backend/img/payments.png,/backend/img/map-marker.png",
        "resolved_path": "/Users/anssary/Desktop/Ecommerce-Laravel/public/backend/img/payments.png,/backend/img/map-marker.png",
        "status": "exists"
    },
    {
        "reference": "/backend/img/banner.png,/backend/img/thumbnail-default.jpg",
        "resolved_path": "/Users/anssary/Desktop/Ecommerce-Laravel/public/backend/img/banner.png,/backend/img/thumbnail-default.jpg",
        "status": "exists"
    },
    {
        "reference": "/frontend/img/payment-method.png,/frontend/img/payments.png",
        "resolved_path": "/Users/anssary/Desktop/Ecommerce-Laravel/public/frontend/img/payment-method.png,/frontend/img/payments.png",
        "status": "exists"
    },
    {
        "reference": "image.jpg",
        "resolved_path": "/Users/anssary/Desktop/Ecommerce-Laravel/public/image.jpg",
        "status": "exists"
    },
    {
        "reference": "logo.jpg",
        "resolved_path": "/Users/anssary/Desktop/Ecommerce-Laravel/public/logo.jpg",
        "status": "exists"
    },
    {
        "reference": "/photos/1/blog3.jpg",
        "resolved_path": "/Users/anssary/Desktop/Ecommerce-Laravel/public/photos/1/blog3.jpg",
        "status": "exists"
    },
    {
        "reference": "images/hello-icon-192.png",
        "resolved_path": "/Users/anssary/Desktop/Ecommerce-Laravel/public/images/hello-icon-192.png",
        "status": "exists"
    },
    {
        "reference": "backend/img/avatar.png",
        "resolved_path": "/Users/anssary/Desktop/Ecommerce-Laravel/public/backend/img/avatar.png",
        "status": "exists"
    },
    {
        "reference": "backend/img/payments.png",
        "resolved_path": "/Users/anssary/Desktop/Ecommerce-Laravel/public/backend/img/payments.png",
        "status": "exists"
    },
    {
        "reference": "images/modal1.png",
        "resolved_path": "/Users/anssary/Desktop/Ecommerce-Laravel/public/images/modal1.png",
        "status": "exists"
    },
    {
        "reference": "images/modal2.png",
        "resolved_path": "/Users/anssary/Desktop/Ecommerce-Laravel/public/images/modal2.png",
        "status": "exists"
    },
    {
        "reference": "images/modal3.png",
        "resolved_path": "/Users/anssary/Desktop/Ecommerce-Laravel/public/images/modal3.png",
        "status": "exists"
    },
    {
        "reference": "images/modal4.png",
        "resolved_path": "/Users/anssary/Desktop/Ecommerce-Laravel/public/images/modal4.png",
        "status": "exists"
    },
    {
        "reference": "Profile.jpg",
        "resolved_path": "/Users/anssary/Desktop/Ecommerce-Laravel/public/Profile.jpg",
        "status": "exists"
    },
    {
        "reference": "images/modal1.jpg",
        "resolved_path": "/Users/anssary/Desktop/Ecommerce-Laravel/public/images/modal1.jpg",
        "status": "exists"
    },
    {
        "reference": "images/modal2.jpg",
        "resolved_path": "/Users/anssary/Desktop/Ecommerce-Laravel/public/images/modal2.jpg",
        "status": "exists"
    },
    {
        "reference": "images/modal3.jpg",
        "resolved_path": "/Users/anssary/Desktop/Ecommerce-Laravel/public/images/modal3.jpg",
        "status": "exists"
    },
    {
        "reference": "images/modal4.jpg",
        "resolved_path": "/Users/anssary/Desktop/Ecommerce-Laravel/public/images/modal4.jpg",
        "status": "exists"
    },
    {
        "reference": "backend/img/payment-method.png",
        "resolved_path": "/Users/anssary/Desktop/Ecommerce-Laravel/public/backend/img/payment-method.png",
        "status": "exists"
    },
    {
        "reference": "backend/img/logo.png",
        "resolved_path": "/Users/anssary/Desktop/Ecommerce-Laravel/public/backend/img/logo.png",
        "status": "exists"
    },
    {
        "reference": "avatar.png",
        "resolved_path": "/Users/anssary/Desktop/Ecommerce-Laravel/public/avatar.png",
        "status": "exists"
    },
    {
        "reference": "backend/img/background.jpg",
        "resolved_path": "/Users/anssary/Desktop/Ecommerce-Laravel/public/backend/img/background.jpg",
        "status": "exists"
    },
    {
        "reference": "backend/img/thumbnail-default.jpg",
        "resolved_path": "/Users/anssary/Desktop/Ecommerce-Laravel/public/backend/img/thumbnail-default.jpg",
        "status": "exists"
    },
    {
        "reference": "../images/demo-bg.jpg",
        "resolved_path": "/Users/anssary/Desktop/Ecommerce-Laravel/public/../images/demo-bg.jpg",
        "status": "exists"
    },
    {
        "reference": "images/ui-bg_inset-hard_100_fcfdfd_1x100.png",
        "resolved_path": "/Users/anssary/Desktop/Ecommerce-Laravel/public/images/ui-bg_inset-hard_100_fcfdfd_1x100.png",
        "status": "exists"
    },
    {
        "reference": "images/ui-bg_gloss-wave_55_5c9ccc_500x100.png",
        "resolved_path": "/Users/anssary/Desktop/Ecommerce-Laravel/public/images/ui-bg_gloss-wave_55_5c9ccc_500x100.png",
        "status": "exists"
    },
    {
        "reference": "images/ui-bg_glass_85_dfeffc_1x400.png",
        "resolved_path": "/Users/anssary/Desktop/Ecommerce-Laravel/public/images/ui-bg_glass_85_dfeffc_1x400.png",
        "status": "exists"
    },
    {
        "reference": "images/ui-bg_glass_75_d0e5f5_1x400.png",
        "resolved_path": "/Users/anssary/Desktop/Ecommerce-Laravel/public/images/ui-bg_glass_75_d0e5f5_1x400.png",
        "status": "exists"
    },
    {
        "reference": "images/ui-bg_inset-hard_100_f5f8f9_1x100.png",
        "resolved_path": "/Users/anssary/Desktop/Ecommerce-Laravel/public/images/ui-bg_inset-hard_100_f5f8f9_1x100.png",
        "status": "exists"
    },
    {
        "reference": "images/ui-bg_glass_95_fef1ec_1x400.png",
        "resolved_path": "/Users/anssary/Desktop/Ecommerce-Laravel/public/images/ui-bg_glass_95_fef1ec_1x400.png",
        "status": "exists"
    },
    {
        "reference": "images/ui-icons_469bdd_256x240.png",
        "resolved_path": "/Users/anssary/Desktop/Ecommerce-Laravel/public/images/ui-icons_469bdd_256x240.png",
        "status": "exists"
    },
    {
        "reference": "images/ui-icons_d8e7f3_256x240.png",
        "resolved_path": "/Users/anssary/Desktop/Ecommerce-Laravel/public/images/ui-icons_d8e7f3_256x240.png",
        "status": "exists"
    },
    {
        "reference": "images/ui-icons_6da8d5_256x240.png",
        "resolved_path": "/Users/anssary/Desktop/Ecommerce-Laravel/public/images/ui-icons_6da8d5_256x240.png",
        "status": "exists"
    },
    {
        "reference": "images/ui-icons_217bc0_256x240.png",
        "resolved_path": "/Users/anssary/Desktop/Ecommerce-Laravel/public/images/ui-icons_217bc0_256x240.png",
        "status": "exists"
    },
    {
        "reference": "images/ui-icons_f9bd01_256x240.png",
        "resolved_path": "/Users/anssary/Desktop/Ecommerce-Laravel/public/images/ui-icons_f9bd01_256x240.png",
        "status": "exists"
    },
    {
        "reference": "images/ui-icons_2e83ff_256x240.png",
        "resolved_path": "/Users/anssary/Desktop/Ecommerce-Laravel/public/images/ui-icons_2e83ff_256x240.png",
        "status": "exists"
    },
    {
        "reference": "images/ui-icons_cd0a0a_256x240.png",
        "resolved_path": "/Users/anssary/Desktop/Ecommerce-Laravel/public/images/ui-icons_cd0a0a_256x240.png",
        "status": "exists"
    },
    {
        "reference": "../fonts/themify.svg",
        "resolved_path": "/Users/anssary/Desktop/Ecommerce-Laravel/public/../fonts/themify.svg",
        "status": "exists"
    },
    {
        "reference": "owl.video.play.png",
        "resolved_path": "/Users/anssary/Desktop/Ecommerce-Laravel/public/owl.video.play.png",
        "status": "exists"
    },
    {
        "reference": "../fonts/fontawesome-webfont.svg",
        "resolved_path": "/Users/anssary/Desktop/Ecommerce-Laravel/public/../fonts/fontawesome-webfont.svg",
        "status": "exists"
    },
    {
        "reference": "./img/loading.gif",
        "resolved_path": "/Users/anssary/Desktop/Ecommerce-Laravel/public/./img/loading.gif",
        "status": "exists"
    },
    {
        "reference": "url(./img/loading.gif",
        "resolved_path": "/Users/anssary/Desktop/Ecommerce-Laravel/public/url(./img/loading.gif",
        "status": "exists"
    },
    {
        "reference": "/hqdefault.jpg",
        "resolved_path": "/Users/anssary/Desktop/Ecommerce-Laravel/public/hqdefault.jpg",
        "status": "exists"
    },
    {
        "reference": "/maxresdefault.jpg",
        "resolved_path": "/Users/anssary/Desktop/Ecommerce-Laravel/public/maxresdefault.jpg",
        "status": "exists"
    },
    {
        "reference": "images/map-marker.png",
        "resolved_path": "/Users/anssary/Desktop/Ecommerce-Laravel/public/images/map-marker.png",
        "status": "exists"
    },
    {
        "reference": "//img.youtube.com/vi/$4/hqdefault.jpg",
        "resolved_path": "/Users/anssary/Desktop/Ecommerce-Laravel/public/img.youtube.com/vi/$4/hqdefault.jpg",
        "status": "exists"
    },
    {
        "reference": "(!module.webp",
        "resolved_path": "/Users/anssary/Desktop/Ecommerce-Laravel/public/(!module.webp",
        "status": "exists"
    },
    {
        "reference": "module.webp",
        "resolved_path": "/Users/anssary/Desktop/Ecommerce-Laravel/public/module.webp",
        "status": "exists"
    },
    {
        "reference": "images/hello-icon-128.png",
        "resolved_path": "/Users/anssary/Desktop/Ecommerce-Laravel/public/images/hello-icon-128.png",
        "status": "exists"
    },
    {
        "reference": "images/hello-icon-144.png",
        "resolved_path": "/Users/anssary/Desktop/Ecommerce-Laravel/public/images/hello-icon-144.png",
        "status": "exists"
    },
    {
        "reference": "images/hello-icon-152.png",
        "resolved_path": "/Users/anssary/Desktop/Ecommerce-Laravel/public/images/hello-icon-152.png",
        "status": "exists"
    },
    {
        "reference": "images/hello-icon-256.png",
        "resolved_path": "/Users/anssary/Desktop/Ecommerce-Laravel/public/images/hello-icon-256.png",
        "status": "exists"
    },
    {
        "reference": "images/hello-icon-512.png",
        "resolved_path": "/Users/anssary/Desktop/Ecommerce-Laravel/public/images/hello-icon-512.png",
        "status": "exists"
    }
]